text,collaboration_classification
"Hear from Doseke Akporiaye, Executive Director of Women of Renewable Industries and Sustainable Energy (WRISE), as she discusses gender diversity in the#cleanenergyindustry and her best advice.Read the full interview fromCanary Media Inc.below:",0
Only one more day until theInterSolution! Our#Schletterteam is already on its way to#Ghentand is looking forward to meeting old and new friends from the solar industry.,0
"#Cleanenergymarketing win! ""We are standing out! All the way from the highway we were visible. People were drawn to Solar Sister Entrepreneur Oladejo from Oyo state as she displayed her products using Business Booster marketing materials."" - Omotola Ajao, Solar Sister Business Development AssociateThank you toSidaandHivos -Humanist Organisation for Social Change-for their support on Solar Sister's recently launched Business Booster Program!",0
"South Korean battery materials manufacturer EcoPro BM has signed a contract with Samsung SDI for the supply of lithium nickel cobalt aluminum oxide (NCA) cathode material. The contract is valued at 34 billion US dollars and will run from the beginning of 2024 to the end of 2028. üîã Read more: https://lnkd.in/gqt74W5b

#Batterie #Battery #eMobilit√§t #Elektromobilit√§t #eMobility #Batterieproduktion #BatteryProduction #Kathodenmaterial #CathodeMaterial #BatteryNews #Samsung #SamsungSDI #EcoPro",1
"ü§ùüèªjoin owc vietnam todayü§ùüèªüì¢do you want to expand your career with us?üëÄwe are looking for 4 bright individuals to join our well established team‚ùó‚úÖ senior consultant - onshore renewable energyüëâüèΩ https://lnkd.in/e8dq3rvxowc‚úÖ consultant - contracts and claims officerüëâüèΩ https://lnkd.in/eut6rvrjowc‚úÖ junior consultant - subsea cables project engineerüëâüèΩ https://lnkd.in/e8mxsuypowc‚úÖsenior / principal consultant - energy market studies apacüëâüèΩ https://lnkd.in/eivegk2wowccheck out each role and discover one that could be right for youüíöatowcwe are more than just engineers and project managers ‚Äì our global teams of experts are passionate about creating a more sustainable tomorrow. working with us will give you the opportunity to work on a variety of exciting renewable energy projects and expand your knowledge. we provide learning and development opportunities that will help you progress your career while working in an agile, collaborative environment.üåétrue to our global outreach, we embrace cultural differences and recognise the power of diversity in experiences, talents and perspectives to truly generate innovation for change.discover more about our work culture atabl groupand why you should join us today üëâüèΩ https://lnkd.in/e_gbyn4bowc‚ö°join us and be the energy behind change.ü§ùüèªtogether we're stronger. owc vietnam vietnamrecruitment renewablenergy team hiring ablgrouprecruitment energytransition  energyandoceans",0
"#carbonmarketscan significantly raise climate ambition in a cost-effective way, especially if REDD+ is included, according to a new paper in the July 2023 issue of World Development.Thank you to Ruben Lubowski (Columbia University),Pedro Piris-Cabezas Ph.D.-Cabezas (Environmental Defense Fund), andGabriela Leslie(CREOSyndicate) for their important work.Read more:https://bit.ly/3NZ4bvj#carboncredits#climateaction#carbon",0
üì£ NEW VACANCIESüì£Our team is growing and we are on the lookout for three Bid and Research Proposal Officers to support thePower Networks Demonstration Centre (PNDC)and the Department of Electronic & Electrical Engineering. The deadline is 4 March 2021.Find out more and apply here:https://lnkd.in/e_xTs_j#PNDC#vacancies#netzero,0
"as iraq undergoes reforms, harnessing solar energy is pivotal in meeting its electricity needs sustainably. through the ""solar power market in iraq"" project, 3 pv training centres were established and a cadre of trainers numerous local pv training programs were initiated. giz iraq has recently released a booklet showcasing the initial successes of the project, which was conducted by deutsche gesellschaft f√ºr internationale zusammenarbeit gmbh and renewables academy (renac) , commissioned by the german federal ministry for economic cooperation and development (bundesministerium f√ºr wirtschaftliche zusammenarbeit und entwicklung (bmz)) and co-funded by the european union (eu) in the scope of the private sector development & employment promotion project. here you can download the booklet for free: üëâ https://bit.ly/3wlcxc0 or visit the solar iraq portal for further news: üëâ https://solar-iraq.com/ üåû solarenergy renewableiraq traininginitiative",1
"heracles group, a member of holcim , successfully completed the acquisition of larsinos s.a., one of the most dynamic and fastest growing companies in the sectors of ready-mix concrete, aggregates and mining in greece with 2022 net sales of eur 47 million.this acquisition enables heracles group to serve any construction project in the country and thereby strengthens its competitiveness. driven by its strategy to accelerate green growth, heracles group will offer ecopact green concretes range through the new ready-mix concrete plants reaffirming heracles commitment to lead the transition towards sustainable construction.learn more: https://lnkd.in/ertq882q",1
"Scotland‚Äôs Innovation Centres have teamed up withThe Herald Scotlandfor a one-day online conference to explore innovation, inclusive growth, cultural change around climate action, and how collaboration could achieve national#NetZerotargets.This free event, chaired byScottish Enterprise's Head of Climate Enterprise, will mark one year until#COP26, the UN climate change conference taking place in Glasgow in 2021. The conference will be packed with plenary speakers, themed sessions and networking.Register now:https://lnkd.in/d3csUGg#Innovation#ClimateChange#ScotlandIsNow",0
"üî¶ Speaker Spotlight üî¶ Amy Hogan, Head of ESG & Sustainability, Transurban will be speaking at the iX Summit Melbourne on 27 August 2024.¬† 

With over 25 years of experience across infrastructure, property, government, and manufacturing, Amy leads Transurban‚Äôs sustainability strategy, governance, and reporting. 

Amy was recently recognised in the FS Sustainability ESGPower50 as one of Australia‚Äôs 50 most influential corporate ESG leaders. 

Join us to learn from Amy‚Äôs extensive expertise in driving sustainable practices and strategies within major corporations. 

üìÖ 27-28 August 2024¬†¬†
üìç Pullman Albert Park, Melbourne¬†
üëâ Download the updated agenda - https://lnkd.in/g96RieKr

#iXMelbourne2024 #ESG #Sustainability #ClimateDisclosure #CorporateResponsibility #Transurban",0
"The latest episode of Experts Only#podcastis now live! HostJon Powerstalks solving the#climatecrisisthrough#cleanenergy#financewith the brilliantMarilyn Waite, author and Program Officer in Environment at theWilliam and Flora Hewlett Foundation. Listen now:https://lnkd.in/eDTCWWb",0
"Here is ThinkGeoEnergy‚Äôs top 10 geothermal countries in power generation capacity for 2023. The total is 16,335 MW which increased 208 MW from 2022. The countries in the top 10 are the same but Kenya has moved up to #6 with 985 MW, surpassing Mexico at 976 MW.
https://lnkd.in/dqKZuPwY
#geothermal 
#geothermalenergy ",0
"Come along for the ride as CLEAResult‚ÄôsJames Russellpresents on theAESPAnnual Conference panel ‚ÄúTransportation Electrification: Keys to Unlock Successful Fleet Transformation‚Äù in Nashville, TN on February 9.Register todayhttps://hubs.la/Q012RFQh0",0
"Ever wondered how much carbon it uses to send an email?When shining a light on the rising emissions from digital software,WIREDfeatured our research on the footprint of emails: if every UK adult sent one less ‚Äúthank you‚Äù email each day, it could cut up to 16 tons of carbon each year.Read the article here:https://bit.ly/2NzUymV",0
"We are proud to share that two DOE leaders have been named to the *FIRST EVER* TIME100 Climate list. 

Here are our changemakers:  
üü• Jigar Shah, Director of DOE Loan Programs Office 
üü•  Jennifer Wilcox, Principal Deputy Assistant Secretary of Fossil Energy and Carbon Management . 

https://lnkd.in/eqS7MBTM",0
"our latest installation on the ford service department of macarthur ford.the 39kw system includesrectwin peak 4 solar panels, sungrow power supply co., ltd .inverter and antaisolar mounting.",1
"Fuel Cell Testing and Validation Services bySEGULA Technologiesinclude the Fuel Cell PWT system performance & functional testing, component & subsystem level testing, durability testing & validation from component to system/vehicle level, real-time system simulation & validation (xIL), powertrain calibration on dyno an in-vehicle Homologation, NVH, and EMC.To know morehttps://lnkd.in/ed25ttXm#engineeringservices#testingservices#validation#engineeringsolutions#simulation#validation#services#testing#b2bservices#europeanunion#fuelcell#hydrogen",1
"The Indian Gas Exchange (IGX) traded approximately 4.7 million MMBtu (around 118 MMSCM) of gas volume in August 2024, recording a 15 Percent increase month-on-month.

Story by: Saurav Anand

Ministry of Petroleum and Natural Gas Govt of India | #IndianGasExchange #NaturalGasTrading #EnergyMarkets #IGX #GasVolumeGrowth #CleanEnergy #EnergySector #SustainableFuels #EnergyTrading #IndiaEnergy",0
"congrat ulations to our friends at havila kystruten who were awarded the next generation ship award at nor-shippingin oslo this week! havila is an industry leader in the path to zero emissions shipping and the recognition of their innovative ship technology is an encouraging signal of the transformation that is underway in the maritime sector.we are ho nored to be a part of havila's journey in environm entally sustainableshipping. the innovative design demonstrated on havila voyages‚Äô four new ships havila capella, havila castor, havila polaris and havila pollux will include a climeon heatpower 150kw waste heat recovery system. producing electricity from the engine's waste heat onboard improves energy efficiency, saving fuel and decreasing co2 emissions.congratulations on the much deserved recognition havila kystruten ! we look forward to watching all four groundbreaking, futureproofvessels set sail soon. su stainableshipping greencruising leadthechange",1
"üì¢ The next EEF Energy Debate will focus on the role of #SMRs and #fuelsupply in the achievement of EU‚Äôs #strategicautonomy and #decarbonisation objectives.

Our speakers from EDF and URENCO Nederland will adopt a #valuechain approach and present their respective views as power generator and fuel producer.

The discussion will cover the concept and applications of #SMRs as well as the #fueldevelopment.

EEF Members, do not forget to register to better understand how they can support EU‚Äôs transition to a low-carbon economy and #securityofsupply!

‚¨áÔ∏è[More information below in the comments]‚¨áÔ∏è


#EEF_EnergyDebate #SMRs #fuel #strategicautonomy #decarbonisation #securityofsupply #valuechain",0
"""We have very good technology in green hydrogen as well. We want to be a major company and contribute to the sector in a substantial way,"" noted, among other things, Dr.Vasilis Gregoriou, Advent's Chairman and CEO, during an#interviewwith Chris Rhodes ofProactive. To watch the full interview, click below. Stay up to date with Advent's latest media coverage by visiting:https://lnkd.in/db2tjzC7.#hydrogen#energy#renewableenergy#fuelcells",0
"deployed!this innovative vehicle has hit the road formeals on wheels people. ""last-mile delivery of chilled food via electric vehicles is expected to be an emerging trend as more zero-emission vehicles are deployed. our engineering team worked very closely with volta air to assure seamless integration of this innovative battery charging and refrigeration functionality. it‚Äôs a pleasure to be able to deliver this innovative van to meals on wheels people.‚Äùbill kelley, chief technical officer, lightning emotors full story: https://bit.ly/3jobl71 lightningelectric zev fooddelivery electricvehicles mealsonwheels delivery zeroemissions",1
Solis Shines at SNEC Shanghai with Innovative Solutions and Award-Winning Performance#EnergyStorageWe are thrilled to announce that¬†Solis‚Äô booth at#SNECShanghai has been a great success on all the day of our journey! The#exhibitionwas bustled with visitors and our supportive teams. What seems to have caught their attention the most is our simulated rigorous testing area which demonstrates the high quality and reliability of our product.SolisShivang GuptaThank you to everyone who came to visit Solis Booth at SNEC#SNEC#Exhibition#AdvancedPowerInverter#Reliability,0
"üì´ In addition to featuring a holiday contest ‚ú®, the November Green Wave features new Green Marine members, the latest news from the organization, Green Marine Europe & #GreenTech2024, and suppliers from our Partner Directory for environmental consulting!
Washington United Terminals, Inc. | Fincantieri Marine Group | Groupe Somavrac | Net Zero Atlantic | MARIN (Maritime Research Institute Netherlands) | Southwest Detroit Environmental Vision | Prolan Canada | Hatfield | Ventus Development Services Inc. | Targray | Innovative Rail Technologies",0
"üì£ There is still time to register for the ""Women and the Energy Transition in the Arctic"" webinar which will now be held on February 2nd!Join us for a discussion on the importance of integrating gender equality, diversity, and empowerment considerations into the clean energy transition and what this looks like in the Arctic context.The list of speakers will be announced shortly.Link to the previous webinar üëâhttp://ow.ly/RC0a50HbwhaThis event series is organized by theIcelandic Arctic Cooperation Networkand Women in Renewable Energy (WiRE) International, in cooperation with theMinistry for Foreign Affairs of Iceland, theEmbassy of Iceland Canada, theEmbassy of Canada | Ambassade du Canadain Iceland, the Northeast Iceland Regional Development Agency, SSNE (Iceland), the Directorate of Equality, (Iceland), andElectricity Human Resources Canada.#renewableenergy#arctic#Canada#Iceland#energytransition#gender#genderequality#diversity#DEI#Equalby30",0
tuesday was a great day for canadianmobilityas translink launched clean smartmobilityas a part of thecanadian urban transit research & innovation consortium ( cutric)‚Äôs pan-canadian electric bus demonstration & integration trial! congratulations again for your work to further cleantransit! https://bit.ly/34esvvj,1
congratulations to walton electric membership corporation and partner silicon ranch corporation on the announcement of three new solarfacilities in georgia to support meta 's operations with 100% renewable energy. https://lnkd.in/gaxkptp4,1
"last month bw lng signed a contract with energ√≠a del pac√≠fico (edp)/ invenergy llc to be part of el salvador‚Äôs first lng-to-power project scheduled to be operational by the end of 2021.recently bw lng managing director yngvil √•sheim, together with project manager marthe solaas, met with the invenergy team in chicago to celebrate the signing and to collaborate on the development of the project.the bw lng team is pleased to join forces with strong industry partners to secure successful completion of this transformative project that will drive economic and social growth in el salvador!bw lng will partner with invenergy on a floating storage regasification unit (fsru) that will be permanently moored offshore , with our sister companybw offshore providing the spread mooring; where lng will be converted to natural gas and transported through a sub-sea gas pipeline to a power plant on land. the project will meet 30% of el salvador‚Äôs energy demand, and significantly reduce the environmental impact in the region through use of cleaner fuels for sustainable power generation.picture with managing director yngvil √•sheim presenting signing gift to invenergy owner michael polsky. bestonwater",1
"üö¶ itd district 6 adopts hymax for safer roads idaho‚Äôs itddistrict6 is leading innovation with hymax inc. hydrogen fuel cells, ensuring up to five days of uninterrupted power at diverging diamond interchanges (ddis). this first deployment in idaho enhances safety, reliability, and sustainability with zero emissions and reduced noise. bryan young, itd d6 traffic/operations engineer, shared: ‚Äúensuring critical infrastructure remain operational during emergencies is essential for public safety. hymax provides an extended power supply for our ddis and addresses safety concerns effectively, demonstrating how innovation and careful planning can lead to better outcomes for our community and environment. this deployment highlights itd‚Äôs commitment to smarter, safer solutions that enhance our residents' mobility and quality of life."" we're creating a smarter, greener solution for safer roads in idaho! read more on our website here https://lnkd.in/gufznyfy innovation trafficsafety sustainability hymax",1
"üìú Hydrogen UK Manifesto: How to Help the New Labour Government Support a Hydrogen Economy

Read the full article in the Hydrogen Industry Leaders eMagazine for free hereüëá
https://lnkd.in/e9pFCFCj

#H2Leaders #HydrogenUK #LabourGovernment #HydrogenEconomy #RenewableEnergy #CleanEnergy #SustainableFuture #GreenTechnology #EnergyTransition #UKPolitics #ClimateAction Hydrogen UK",0
"Everything About Hydrogenis delighted to release another excellent interview - this time withNashwa Al Rawahy, Director ofHMR Consultants, based in Oman. She breaks down Environmental and Social Impact Assessments (ESIA), why they are so important, how they work best, and why incorporation in project planning from the start provides optimal results. She also helps unpack Oman‚Äôs Vision 2040, the role of clean hydrogen, as well as In Country Value (ICV).Many thanks toNashwa Al Rawahyand all the EAH podcast hosts:Patrick Molloy,Christopher Jackson,Alicia Eastman, andAndrew Leedom.If you enjoy the episode, please give us 5 stars and positive reviews so we can expand the audience and help push decarbonization forward.Click below to listen now on Apple Podcasts or go towww.EAHpod.comto access via Amazon, Spotify, or wherever you get your podcasts.#greenhydrogen#omanvision2040#greenammonia#sustainability#greengrowthhttps://lnkd.in/evQwJ7F9",0
"supergrid institute has held its first ever ‚Äòtechnical days‚Äô event! dedicated to our industrial shareholders, this event was organised to showcase our ongoing projects, facilitate exchange and allow us to better adapt our roadmap to the industry‚Äôs tangible needs. these two exciting days of workshops, discussions and networking have bolstered our belief in the importance of our mission to shape tomorrow‚Äôs hv & mv power transmission grids.thank you to all the representatives of our shareholders who participated! alstomtransport edf ge grid solutions gehydrofrance nexans vettiner",0
Is Dubai ready for energy storage?Markus A.W. Hoehnersays that fluctuating energy sources such as wind energy and photovoltaics play a major role in the future electricity generation. For the integration of these energy sources huge storage installations of short- and long-term storage are needed.- here:IntersolarMiddle East,0
"üì¢ Just one day to go until#NIPlannerLive, a day of online discussion hosted by theRoyal Town Planning Institute, debating and reflecting on what the pandemic has taught us about how we do things and our priorities.Garth McGimpsey, Project Manager at RES, will join other experts to discuss Sustainable Infrastructure Planning at the conference.Find out more athttps://lnkd.in/dNkde2me#renewables#planning#sustainability#sustainableinfrastructure",0
Thank you to our amazing Exhibitors for helping to make today's OCNI/Bruce PowerNuclear Job Fair a huge success. What a great turnout!Thank you also to our sponsors:Black and McDonaldRevenew InternationalSociety of United Professionals,0
"The#batteriesand#electricmotorswithin an#electricvehiclerequire around 1,000 welds. This could generate more than a half a million pieces of data every minute for a single electric vehicle.The#5GEMconsortium recognises the potential of harnessing this data to enable analysis and control of production and is exploring#5Gconnectivityin#industrialsettingsatFord UKand atVacuum Furnace Engineering Ltd. Find out more on the project website here:https://lnkd.in/d49kiRn7#bigdata#digitaltools#digitalmanufacturingJames Kirby,Tosin FamusudoATS Global,Lancaster University,TM Forum,TWI,Vodafone",1
"Meet the woman electrifying her Jeep Wrangler.Listen in asElectrified Veronika, an#EVsforGoodgrant recipient, discusses her journey of electrifying a 99' Jeep Wrangler.#cleanenergy#electricvehicles#jeepwrangler#electrificationhttps://loom.ly/qTSwvt4",0
"eskom holdings soc ltdhas secured a ‚Ç¨10-million (r180-million) grant from german development bank kfw to set up a renewable energytraining facility at grootvlei coal power station in mpumalanga. eskom ceoandr√© de ruytermentioned the deal on thursday, at cop27, in egypt. he was presenting on the steps taken to repurpose its coal-fired power stations, specifically komati, which has become a flagship of a just transition. https://lnkd.in/dynxmcsx",1
greaves cotton ev arm to partner with bike bazaar finance to fund e3ws! greaves electric mobility finance wheelsemi private limited (formerly varadnarayan savings & investment co.privatelimited.) karunakaran vadakkepat https://lnkd.in/d7rxfxk2,1
ports of stockholm welcomes another new sustainable marine innovation tenant. candela | electric hydrofoil boat shas moved to frihamnen port in stockholm and is building the world's most modern testing and development centre for electric-powered boat s.,1
"chasm advanced materials, inc. and ingevity are to collaborate on the manufacture of carbon nanotubes for the production of more powerful batteries on the north american and european markets. üîã read more: https://lnkd.in/eu864bpm batterie battery emobilit√§t elektromobilit√§t emobility batterieproduktion batteryproduction gigafactory carbon nanotubes cnt batterynews chasm ingevity",1
"CSIRO, Australia‚Äôs national science agency, announced this week that it has successfully trialled its tubular solid oxide electrolysis (SOE) hydrogen production technology at BlueScope‚Äôs Port Kembla Steelworks in NSW. 

The trial commenced in October and has successfully operated for 1,000 hours, meeting performance requirements in terms of hydrogen production, electrical efficiency and reliability.

CSIRO‚Äôs SOE technology uses both waste heat (for example, steam from the steelworks) and electricity to produce hydrogen with greater efficiency.¬† 

CSIRO spinout Hadean Energy has licensed the technology and is also testing the long term durability and performance of the modular design at CSIRO‚Äôs¬†Hydrogen Technology Demonstration Facility. 

Read more here: https://lnkd.in/gFwsd8jN

#H2au",1
"We're getting ready for theWiFi Innovation SummitSmart Mobility Summit in Lisbon, where our ownKarina Ingerslevwill be presenting the Ridecell pitch for the startup challenge. We're eager to share how we're collaborating to drive innovation in mobility, and smart cities. Send us a message if you'll be there and would like to meet!#smartcities#IoT#mobility#smartmobility#Lisbonhttps://lnkd.in/eynhiby",0
"We are joined byNatalia Ruiz SaezRuiz fromNet Zero Venturesfor THINGS 8 Year Anniversary that we hold both online and on-site in Stockholm, March 16 from 13:00 CET! ü•≥Natalia will be presenting her case: ""Climate tech innovations, a huge opportunity to reshape the future"" üå±Listen to her and our other great presenters at THINGS eXecutive Summit‚Ñ¢ by signing up for the event!üëâhttps://bit.ly/3IsYhP5---#sustainability#greentech#sustaintech#deeptech",0
"John Cockerill to raise ‚Ç¨230 MM of equity from SLB to accelerate the deployment of its electrolyzers strategy

Read More: https://ow.ly/oaKZ50S9Slt
#electrolyzers #hydrogen 
#decarbonization",1
"üì£ press release |christopheconstant becomes managing director of helexia france available here üëâ https://lnkd.in/eczhsb3abenjamin simonis, ceo of the helexia group , says: ""i am delighted that christophe constant has taken up the position of managing director france , following benoit pype, and i wish him all the best. christophe will put his extensive industrial expertise at the service of the growth of helexia france , which supports companies in their energy transition projects""",0
"The Pacific Offshore Wind Summit 2024 continues with Brian White of KP Public Affairs moderating a discussion on offshore wind in the California Legislature with State Senator John Laird, and State Assemblymembers Cottie Petrie-Norris, Jim Wood, and Rick Zbur. This panel discussion focuses on legislative perspectives on building a sustainable offshore wind industry and meeting the 2030 and 2045 AB 525 planning goals.

Stay tuned for more Summit updates to come.

https://lnkd.in/d25UQdGJ

#offshorewind #floatingwind #cleanenergy #renewables #climate #offshorewindca #pacificoffshorewindsummit",0
"as the name suggests, real utilities work hard to keep it real. as part of our real commitments to providing cheaper, greener, simpler energy to our customers, real utilities is certified carbon neutral under theclimate activecarbon neutral standard for our embedded network energy services and retail sales of electricity and gas.most importantly for our customers, the carbon neutral certification applies to our product as well. so, as a real utilities customer, all energy usage is certified carbon neutral ‚Äì for no extra cost.paolo bevilacqua, general manager real utilities says: ""we want our customers to benefit from the use of carbon neutral energy and have progressed our business in this way such that our customers have no hoops to jump through and don‚Äôt need to pay a cent more to receive it, and further demonstrating our ongoing leadership in taking action to reduce our carbon emissions.‚Äù_ https://lnkd.in/g9nran4",0
"PAGE member and CEO of Williams, Alan Armstrong,¬†joined Atlantic Council's¬†#COP28¬†Global Energy Forum today to discuss how Europe can maintain a sustainable supply of resources given recent energy security challenges following the war in Ukraine. 

Watch here:
https://lnkd.in/dkC7UMGD¬†
",0
"TheAfrican Energy Chamber, in partnership with theUnited Nations Economic Commission for Africa(ECA) and the Secretariat of Sustainable Energy for All (Sustainable Energy for All (SEforALL), held the soft launch on Thursday for the Team-Energy Africa initiative, aimed at mobilizing private sector financing for accelerated clean energy deployment across Africa. Full article here:https://lnkd.in/gxHCxmVW#ChamberNews",0
"AFRYare providing electric solutions to some of the worlds biggest challenges in sustainable power. But that's not all!üå±Decarbonisation, circularity, electrification and digitalisation are the four main drivers that can accelerate the transition towards a more sustainable society.üîÅAll industries need to radically transform. Circular economies do this by reducing waste, preserving resources and working toward regenerating nature.Learn more about the circular economy here üëáhttps://lnkd.in/eivP5y3hhashtag#CircularEconomyhashtag#Decarbonisationhashtag#Circularityhashtag#Electrificationhashtag#Digitalisationhashtag#NetZero",0
"Can technology help scale the carbon market with integrity?üéßIn the previous episodes of#HowToNetZerowe already established the carbon market is worth saving. So, how can technology help us save & bring credibility to it?In our new episode,Marion Verlesexplored this very question withOliver Bolton, CEO ofEarthlyandRebekah Braswell, CEO ofLand Life- and got to hear their insights & experience, highlighting the opportunities they see for real progress, as well as the challenges they've experienced.üëâ Here's our conclusion: tech is key to scaling the carbon market with integrity but we need new rules of the game to unlock its full potential. We have the tech, it's the market that isn't fully ready yet.ListenüëÇhttps://lnkd.in/gme6P7PF#carbonmarket#climateaction#climateemergency#climatetech",0
ESG co-headJoseph Hallquoted inThe New York Timeson the SEC‚Äôs decision to enhance its focus on climate-related disclosure in public company filings.,0
"The countdown to Nor-Shipping has started!

We look forward to meeting you at the MacGregor booth, T03-34 in the Offshore Wind hall at Nor-Shipping, June 6th-9th.

Check the link below for an overview of our agenda for the event.

http://ow.ly/IbFJ50OoHwl

#norshipping2023 #offshorewind #maritimeindustry #smartshipping #maritimeinnovation ",0
"great to see the safe arrival of the wilson transformer at the sebastopol solar farm on monday... affectionately known as 'olivia', weighing in at a little over 100 tonnes!great work by all involved so far beonourteam fotowatio renewable ventures (frv) wilson transformer company",0
"corvus energy, the world‚Äôs leading provider of zero-emission solutions for the maritime industry, is pleased to announce that the company has been selected byhvide sande shipyardin denmark to supply a complete hydrogen fuel cell system for the training vessel ‚Äúms skulebas.‚Äùread the full article:- https://lnkd.in/evqdzrchthe vessel, which is owned byvestland fylkeskommuneand operated by m√•l√∏y upper secondary school, will be the first of its kind, combining both fuel cells and batteries in a fishing vessel.geir bj√∏rkeli, ceo of corvus energy, is thrilled about the new contract: ‚Äúwe need to thank the hvide sande shipyard for choosing us as the supplier for ms skulebas. this installation will be another big milestone for corvus. adding the pelican fuel cell to the energy system onboard will make this the first zero-emission fishing vessel in the world. skulebas will play a pivotal role in showcasing the feasibility, efficiency, and environmental benefits of fuel cells within the maritime industry, furthering the transition to decarbonize all vessels.‚Äùkristian eikeland holmefjord‚Äì evp and project director of fuel cells in corvus explains: ‚Äúadding our inherently gas-safe pelican fuel cell system will enable the vessel to conduct the majority of its operations fully-electric, producing zero emissions, supplemented by clean hydrogen-powered energy when needed.‚Äùh2nor partners toyota motor corporation,nce maritime cleantech, equinor , norled as,wilhelmsen group,university of south-eastern norway, lmg marin asmore news at workboat365.com subscribe to the workboat365 linkedin weekly newsh ttps://lnkd.in/emy2junt propulsion shipbuilding maritimeindustry maritime marine marineindustry",1
"How One of the World‚Äôs Biggest Dairies Finds Energy in the Unlikeliest of Places.... through converting waste into Renewable Natural Gas! ¬†This solution is available across N. America, with 1/2 of U.S. states already producing RNG.ampCNGAmp Americas LLCFair Oaks Farms#naturalgas #waste #energy #farmshttps://lnkd.in/ghYSnb6",1
"Join us this Wednesday at 9:00 for an engaging webinar on the Industrial Carbon Management Strategy, co-organised with CCUS Norge (CCUS Norway). üñ• üåé 

Here's what you can expect:
üîπ 09:00 - Welcome by Brita Staal, Network Manager and Climate Lead at Smart Innovation Norway, representing CCUS Norway
üîπ09:05 - Presentation of the ICMS by Hanna Biro, our Policy Advisor at Bellona Europa
üîπ09:30 ‚Äì 10:00 - Panel Discussion moderated by CCUS Norway, where we delve into the implications for Norway's industry. We'll also open the floor for questions from participants, featuring insights from:
Markus Sebastian Hole, Head of Public Affairs at Hafslund Oslo Celsio.
Anne Marit Post-Melbye, Subject Lead Industry at Milj√∏stiftelsen ZERO, and Lina Strandv√•g Nagell, our Senior Manager at Bellona Europa.

You can register on Zoom through the link below. üëá See you there! ",0
"Don‚Äôt miss our CEO and Co-FounderDakota Semler (he/him)at this year'sForbes30 Under 30 Summit on Monday, Oct 3 in Detroit, MI. You can register for the summit and watch virtually here:https://lnkd.in/gFuQpMd6See you there!#Forbes#30Under30#EV#GoElectric",0
"GEV Wind Power is attending the Green Port Hull Women in Manufacturing and Engineering (WIME) event next week at the Guildhall, Hull, to engage with young women interested in persuing a career within the wind industry.

Be sure to stop by and stay hello to our team. We are also pleased to be joined by Rebecca Leslie from SKANWEAR¬Æ who will also be at the GEV stand to highlight the importance of our PPE requirements for technicians in the field!

üìç The Guildhall, Hull

üïì 4:30PM

For more information about the event, visit: 
https://lnkd.in/eeMQAkdX

#GEVWindPower #RenewableEnergy #WindPower",0
"Build your EV install empire with Fuuse.  Chat with us and find out how atELEX showin Bolton next week.  Check out the platform and how it can help you generate more revenue, at stand C38.  Register for your tickets  üëáhttps://lnkd.in/e8ReY2hQ#evcharging#evinstallation#evinstalls#installers",0
"A spinout from the University of Birmingham (UK)‚ÄîAbout:Energy‚Äî¬†has launched¬†its battery design software platform:¬†The Voltt. It will shorten R&D timelines,¬†improve battery performance, and reduce development risk for battery cells¬†and systems in automotive, aerospace and niche industries.",1
"#PowerPotentialhas set the foundations for a world-first short-term market for renewable energy sources. Join the final showcase digital event on 24 June, 12:30‚Äì2:15pm. Register:https://bit.ly/3yt2JY8We‚Äôll take you through our key learnings and insights from the project trials which ran from 14 October 2020 to 28 March 2021. The project team have analysed and compiled the trials‚Äô technical performance, commercial results, key insights and next steps for the project.#DSO#WorldFirst#EnergyMarkets#ReactivePowerZIV Automation UK LtdEPRG - CEU Energy Policy Research GroupNational Grid ESO",0
"Heading on the home straight. Shortly before the 18 international teams taking part in theSolar Decathlon Europe 21/22 ‚Ä¢ Wuppertalpresent the fully functional models of their competition entries from June 10, things get busy at the Solar Campus. TeamMIMO HSDhas installed the solar and battery inverters, battery storage and the energy manager for the solar power supply with the support of SMA experts and SMA technical partners.Find more photos from the construction site here:https://lnkd.in/eAbzJZYMAfter completion of the contest, Team MIMO's model will be built on the roof ofCafe Adain Wuppertal. Efficient energy management, a climate envelope with integrated photovoltaic cells and urban gardening are important components of the project.Find out more about the project here:https://lnkd.in/eQAZxiZyThe Solar Decathlon awards ceremony will take place on June 24, 20022. Get a free exhibition tickets:https://lnkd.in/eh_mcyww#solarpower#university#architecture",1
"The HPIH series includes a range of controls üéõ and system peripherals which ensures that all technical machinations can be monitored üñ• . The HPIH use maintains an ERP rating of A++ making this range of heat¬†üî•
pumps an ideal economic üí∑ and environmental üå≤ option for new build and refurbishment projects. For more details click here Request a callback ::¬†https://lnkd.in/e892qdPE¬†(rinnai-uk.co.uk)
#netzero¬†#climatechange¬†#energyefficiency
ThisWeekinFM HVP Magazine HIP Magazine HCM Magazine HFM Magazine CWB Magazine Huck Magazine",0
"air race e, the world‚Äôs first all-electric air race series, has pulled off a landmark feat with its first ever flight of a piloted pure electric racing airplane. considered by many be the formula eof aviation, this racing series is driving innovation within this space.the nordic air racing team put the aircraft to the test, working up to a speed of 161mph ‚Äì around 50-60% of the plane‚Äôs potential in full race trim. learn more here: https://bit.ly/3bbpp16we are excited to see aviation industry breakthroughs, similar to our work on rolls-royce‚Äôs all-electric ‚Äòspirit of innovation‚Äô aircraft, where we played a part in the battery management system preventing issues during flight. read about our involvement: https://bit.ly/3j3lenc evtol electric aircraft airracee",1
"on june 18th, engie brought together over 300 of its suppliers during its engiesupplierday. together with 5 other suppliers awarded in different categories,  goldwind was awarded for the ‚Äúrenewables industrial performance‚Äù category, being the only company amongst all renewable equipment suppliers to receive such honor. engie supplier day highlighted supply chain resilience, innovation, competitiveness and, above all, decarbonization to reach its net zero objective by 2045. as a supplier partner of engie group, goldwind has been committed to promoting the sustainable development of the supply chain, and continuously improving the efficiency and safety of its supply chain through innovative technology and management methods. goldwind will fully support engie's global business development, respect market rules, continuous improvement, ensure delivery quality, and jointly promote the economic development and decarbonization of the countries where the projects located. drivingourrenewablefuture",0
"MeetPer Hellberg, who took it upon himself to start a whole new career at the age of 55 and is now theVolvo Group‚Äôs hydrogen safety expert.#careerchange#careerdevelopment#hydrogen",0
"Today, the luxurious AUDI AG EV is no longer a vehicle for just the top echelon of buyers. In fact, used buyers can now snag used examples for the same price as a decently-equipped Chevrolet Bolt EUV Premier. On TrueCar,¬†there are a surprising number of used Audi e-trons¬†listed between $30,000 and $35,000 across the country. Some used e-trons for sale have lost over 60% in value, and still even have some remaining basic warranty.",0
"PRESS RELEASE!! GreenSpur, Niron develop lighter generator for rare Earth-free offshore wind turbine üåéUK-basedGreenSpurWind and US-basedNiron Magnetics, Inc.have announced an important development in the quest for rare Earth-free permanent magnets for offshore wind turbines.READ THE FULL ARTICLE HERE:https://lnkd.in/eXpQUFkAWho are we?GreenSpuris an IP owner and generator designer that has developed a pioneering generator topology which eliminates the need for Rare Earth magnets and copper coils without any loss in electrical performance.This makes GreenSpur‚Äôs technology a pioneering solution that will enable the global Net Zero solution for Rare Earth-free power generation over the next 40 years.Find out more athttps://lnkd.in/dm7GA8for contactDarren RobertsonorAndrew Hineon +44 (0) 1642 929878.GreenSpur is part ofTime To ACT. Time To ACT plc supports the global transition to Net Zero through the development and commercialisation of world-beating clean technologies. Find out more athttps://timetoactplc.com/#VAWT#floatingwind#tidal#offshorewind#renewables#rareearthmetals#magnets#netzero#energy#rareearthelements#energysecurity#cleantech",1
"Did you hear the latest #cleanenergy industry news? Read this week's newsletter for updates from SEG Solar, Inc., EBON SOLAR, Pacific Northwest National Laboratory, Intersect Power, and more!

#IESNA #solar #energystorage #electricvehicles #renewableenergy

Tesla; EPC Power Corp; Beth Garza; R Street Institute; Public Utility Commission of Texas; Doug Lewin; Stoic Energy; Tasha A. McCarter, PE, PMP; RWE; Caitlin Smith; Jupiter Power; Pew Research Center Thomas Gleeson",0
"""As I embark on this journey atFORLIANCE, a trailblazer in climate strategy consulting and carbon project development, I am thrilled to be at the forefront of a transformative era in nature-based solutions. Together, we will work on expanding the potential of land use projects to drive positive human, environmental, and climate impact."" - Cl√©mence von der Schulenburg üåçüå±We are delighted to welcomeCl√©mence von der Schulenburgto FORLIANCE as Chief of Staff. In her role, she will be working with our executive team on the company's strategic goals and initiatives, developing, managing and implementing special growth projects.If you're eager to join our global dream team, explore our current job openings on our website üëâhttps://lnkd.in/ewcEeCuKÔªø#FORLIANCE#ClimateActionLeader#NatureBasedInnovation#FORLIANCEcareer#career",0
"A great read fromThe Vancouver Sunabout Carbon Engineering‚Äôs decision to expand the capacity of our first commercial Direct Air Capture plant design. The expansion ‚Äì from a plant capable of capturing 500,000 tons of atmospheric CO2 to an expected one million tons of CO2 each year ‚Äì comes in response to increased corporate interest in achieving carbon neutrality.‚ÄúWhat we provide is a mechanism for a company to remove as much of its carbon footprint as it wants,‚Äù said Steve Oldham, CEO of CE. ‚ÄúWe‚Äôre essentially providing a service, much like water treatment, sanitation or waste disposal. But instead, we‚Äôre providing an air-treatment service that removes the excess CO2 in the atmosphere, which the scientists tell us is putting our planet at risk.‚ÄùFull story below.",0
We were delighted to be involved with updating this guidance on the schools‚Äô decarbonisation scheme alongside¬†Energy Systems Catapult and Ashden üëá,0
"ü§ñ#Astronergy#intelligentmanufacturing factory started operation in 2016 as its first intelligent kind in#PVindustry, kicking a start that Astronergy always strives to utilize frontier tech to improve the manufacturing processes for higher-quality products.#solar#solarpower#solarenergyNowadays, intelligent devices are almost seen at all links inAstronergy Solarcell and module factories.",0
"key players in nuclear have come together to agree four key commitments to help build the workforce of the future ‚Äì with the support of the nuclear skills strategy group (nssg) ‚Äì and are urging the wider industry to sign up:1. reputation nuclear: promoting the national importance of nuclear -and the existing and diverse opportunities available through a career in the nuclear sector ‚Äì speaking with a common voice.2. inspiring the future workforce: actively engaging to inspire and attract the next generation of the nuclear workforce, which is fully representative of society.3. people value: creating an environment which demonstrably values the workforce and promotes the nuclear sector as a great place to work.4. doing things differently, together: advocate for each other, take collective action and challenge traditional ways of doing business, to build and sustain the nuclear sector workforce.find out more: https://lnkd.in/eutsv45x  nuclear nuclearskills futureworkforce",0
Great read! Solid growth was reported in the 2021 Solar Jobs Census sponsored byEnergeiaWorks!¬†See the attached report and view more via the webhttps://lnkd.in/geBrgxj#jobs#growth#solar,0
"designed and conceived as a ship of scientific research opportunity, the le commandant charcot regularly hosts researchers from all over the world.at the beginning of january, students from eindhoven university of technology embarked on board to collect solar data for use in constructing a clean vehicle for use by scientists when working in these remote polar regions.ewout hulscher et oscar mannens of team polar used pyranometers to measure both direct sunlight and the sunlight reflected by the immaculate white plains of the antarctic. the data recorded was then collected and analysed to confirm the project's feasibility.üì∏ ¬© studio ponant - olivier blaud",1
"NTEA Work Truck Week 2023 starts tomorrow! Shyft is here with your favorite work truck and delivery brands. Stop by. Kick the tires. And plug into some truly exciting innovations fromBlue Arc‚Ñ¢ EV Solutions,Utilimaster,Royal Truck Body,DuraMag Bodies, andMagnum Truck Racks.#WorkTruckWeek#wtw23#WorkTrucks#fleettrucks#teamShyft",0
üö®news - doosan industrial vehicle america (divac) has named green cubes as the preferred power systems vendor to support its electric forklift product line in north america.read the forkliftaction report: https://bit.ly/3sokj7fhashtag newshashtag electricforkliftshashtag materialhandling,0
Read now! The complete summary of the EU proposal on The¬†Energy Taxation Directive¬†(2003/96/EC) byLloyd's List.What can be expected?- Improving climate benefits- Tax adjustment will be starting in 2023 (next year)- Increasing fuel price based on GHG intensity- Extra investment on the port infrastructure of ‚Ç¨5.9bn- etc.https://lnkd.in/de_zs3ny,0
"‚ÄúFinding ways to reduce near-term demand can help alleviate the strain on the grid and avoid the additional emissions and climate costs of adding new fossil fuel generation, especially given the long wait times for adding new wind and solar projects to the grid,‚Äù said Andrea Staid, principal technical leader at EPRI. 

‚ÄúThe typical system response might be to build more generation to meet those loads. ... There's a lot of costs with that,‚Äù she said, including fossil fuel emissions that will only warm the planet further. Alternative resources on the demand side can help balance the system in the near term, she said.

‚ÄúI think that's important to keep in mind going forward and when we are struggling to build generation quickly ‚Äî especially renewable generation,‚Äù she said.

Subscribers can find the POLITICO story here: https://lnkd.in/etgy_WWp",0
"Today, we partnered with Argus Media to host the Thought Leadership Summit for the energy sector. Participants had lively discussions around new opportunities in the changing fuels markets, and trends that our experts could weigh in on. Thank you to all who joined in a successful and insightful day!

#energy #EnergyIndustry #fuel #RefinedFuels #FuelMarkets #insights #EnergyInsights",0
"Introducing our distinguished lineup of the Climatetech Theatre Speakers for Japan Energy Summit & Exhibition 2024.

Taking place from 3 - 5 June 2024 at Tokyo Big Sight, the Climatetech Theatre provides a unique platform for innovators, entrepreneurs, students, and young professionals to bring the next big ideas for new decarbonisation solutions into the spotlight. 

Through free-to-attend masterclasses, showcases, networking sessions, and a peer-judged competition, attendees can explore new ideas, innovations, and technologies that will drive the transition to a low carbon economy in Japan and globally.

Register for your complimentary visitor pass today: https://lnkd.in/gdbXyZ_2 

Download Conference Brochure to find out more: https://lnkd.in/gyFvuYtt¬† 

Brought to you by dmg events: Energy Portfolio - organiser of ADIPEC Exhibition and Conference, Gastech 2024, Global Energy Show Canada, and Future Energy Asia Exhibition & Summit. 

#JapanEnergySummit #Energy #Climatetech

Ken F., Eng  Mohammed Al Taani, Matthew Wapples, Tomoya Maruoka, Alaa El-Huni, Hideki Yoshino, Takaya Taguchi, Juliet Hull  ",0
"üí° Maruti Suzuki, the üáÆüá≥ Indian subsidiary of the üáØüáµ #Japanese #automaker Suzuki Motor Corporation, is set to establish its second #automotive #manufacturing facility in the state of #Gujarat. Maruti currently holds the position of leading car manufacturer in #India. In the works? - A second #production line to its existing #plant in the region and preparations for the launch of its upcoming #allelectric  #eVX. The region is ripe for expansion, and Suzuki knows it... 

The upcoming plant represents a significant investment of 350 billion rupees ($4.2 billion) and is expected to increase production capacity by 167%, enabling the production of 2 million vehicles annually...

Read more: https://lnkd.in/eKT5aArG

Gaurav Pathak Sanjeev Handa 
Maruti Suzuki India Limited Suzuki Motor Corporation Suzuki Swift

Christopher Ludwig Neemish Ladwa Nick Holt Ahmo Saric Riad Mannan Andrew Fallon 

#automotivemanufacturing #vehiclemanufacturing #evs #electricvehicles  #suzuki #productionlines",1
"technology is helping to upgrade the auto industry. our partnership with global auto group geely , owner of iconic brands such as lotus and volvo, signals the next step in the evolution of smart cars, with sustainabilityat its core. expect intelligent cockpits, autonomous driving, and open platforms that promote low-carbon development and carbonneutrality.",1
Are you engaged in#floating#OffshoreWind? We are organizing June 4th in Paris withIdeolandABBa by-invitation seminar to introduce the world‚Äôs first commercial-scale floating substation.Let us know your interest!,0
Fluxart- our team and roadmap fromNet Zero Technology Centre#TechXDemoDayhttps://lnkd.in/ej3mSnUF,0
"Innovation Zero | 24 - 25 May | London 

IncubEx will be attending the Innovation Zero conference on the 24th and 25th of May in London, if you would like to connect with a member of our team at the event, please reach out to Ian Meadows or David Hartley. 

#innovationzero #innovationzero23 #inucbex #eex #environmentalmarkets #carbontrading #emissions #emissionmarkets #tvcm #vcm #trayport ",0
"‚è≥ Just 1 week to go! Join us at #IIFEurope next week, where Eduard Ruijs, Head of Investments & Origination, Head of Transition at Vitol, will be sharing insights in an interview on Vitol‚Äôs energy transition strategy. He‚Äôll dive into their expanding portfolio of transitional and sustainable investments.

Secure your spot now before it‚Äôs too late üëâ https://lnkd.in/etBdF8FM",0
"Mark your calendar for the Midwest Green Transportation Forum and Expo hosted byClean Fuels Ohiostarting on Sept. 14th! Two weeks of virtual clean fuels panels, and networking - all for free!Learn more and register at:",0
"As global shipping strives to meet ambitious emission reduction targets Vahterus offers practical solutions, from LNG heat exchangers to advanced systems for alternative fuels like methanol and ammonia. Read more about how we work with alternative fuels in the link below, or get in touch with our team. 

This week, we're also exhibiting at three trade fairs where you can meet our experts in the field¬†Lauri Bastman¬†and¬†Frans Launonen.

LNG Congress 2024
11.03-12.03.2024 ‚Äì Milan, Italy

Asia Pacific Maritime (APM) 2024
13.03-15.03.2024 ‚Äì Singapore

EnergyVaasa 2024 - The Gas Energy
14.03.2024 ‚Äì Vaasa, Finland

We look forward to discussing your heat transfer needs.  

#vahterus #heatexchangers ",0
"Congrats WattEV, Inc.!!",0
topsoe enters agreement with steeper energy to introduce complete waste to biofuel solution topsoe steeper energypeter vang christensenbevan may biofuelscentral biofuelsnews biodiesel biofuels biofuelsmarket renewableenergy https://lnkd.in/dwg9zg_w,1
"this is major, folks. thomas concrete, inc. has produced more than 10 million cubic yards of concrete made with carboncure‚Äôs technologies to date, adding up to more than a million truckloads of green concrete! thomas concrete was an early adopter of carboncure: the second ready mix concrete company in the u.s. to install carboncure, and notably, the first to use it operationally to produce lower carbon concrete. since its initial trials in 2016, thomas has implemented our technology for ready mix concrete across more than 50 plants in the southeastern united states. and, today, it uses carboncure in more than 60% of its total concrete production volume. this embrace of sustainability has resulted, fleet-wide, in significant carboncure carbon savings, equivalent to removing more than 17,000 gas-powered cars from the road for a year. phenomenal! take a look back at this cnn coverage of thomas concrete‚Äôs adoption of carboncure: https://cnn.it/4d8ibcx carboncure thomasconcrete concreteinnovation",1
"The #November issue of Utilities Middle East is now out. With just a few weeks to COP28 UAE, #sustainability continues to be the main theme as you will find it prominently featured on the cover and inside the magazine. We bring you all you need to know about the upcoming #wetex2023 and #dss event organised by Dubai Electricity & Water Authority - DEWA, themed 'At the forefront of sustainability.

In this issue, we explore how Masdar (Abu Dhabi Future Energy Company) is turning #windpower generation into a reality in the #uae, and we take a deep dive into the International Energy Agency (IEA)'s call for a $600BN #grid infrastructure #investment to bridge the gap between #renewableenergy projects and grid capacity.

Badger Meter is driving utility optimisation, Siemens Energy is on track for 100% green hydrogen-powered #gasturbines, and GE Vernova and Sharjah Electricity, Water and Gas Authority (SEWA) showcase the key role of #gaspower generation in the #energytransition.

Umayyah Al-Twal, COO of TESMEC SAUDI ARABIA, reveals how their innovations are setting new standards for utilities in Saudi Arabia. AMEA Power is making a difference by tackling youth unemployment in Africa through their renewable energy projects, and we bring you the latest on innovative products launched by ABB and Cummins Inc..

To discover all this and more, grab a copy of our print magazine today. If you prefer a digital experience, you can access the online version here: https://lnkd.in/etfFBpCd

Stay informed, stay ahead. #UtilitiesMiddleEast #Sustainability #EnergyTransition #Innovation #RenewableEnergy #Utilities #COP28",0
"üåçFrom Goa to Dubai: In 2023 we broughthashtag#3xRenewablesto the centre stage of global climate politicsüåçThe Global Renewables Alliance was launched in the summer of 2023 by the world‚Äôs six leading industry associations for renewable energy to form a united voice calling for increased ambition and accelerated uptake of renewable energy. Since our launch, we have campaigned around the globe and developed partnerships with companies, governments and civil society.Now, as we step into 2024, our focus is on turning commitments into actions, to deliver. Let's continue the momentum for a clean, secure and just future!Global Wind Energy Council (GWEC),Global Solar Council (GSC),Green Hydrogen Organisation - GH2,International Hydropower Association (IHA),International Geothermal Association,Long Duration Energy Storage Council (LDES Council)",0
"In case you missed it, watch our webinar below with Claire Canning and Tom Nightingale MCIM from Equinor on the latest OWGP Development Grant! üëá 

Tom Nightingale MCIM explained the role of the Offshore Wind Industry Council (OWIC) in funding this opportunity and Claire Canning outlined in detail OWGP's impact so far, and the ins and outs of who should apply

This grant is seeking ambitious companies working on projects that can deliver a step-change in growth. Applicants should be able to show how their work aligns one of the following areas needed to develop offshore wind, identified through our work with OWIC at RenewableUK

üçÉ Wind turbine Blades
üîå Cables
‚ö° Substations and electrical design
üîß Steel fabrication
üå¨ Floating wind
üó∫ Development services
üåä Offshore services
üö¢ Vessels
‚öô Components 

ùóßùóµùó≤ ùó±ùó≤ùóÆùó±ùóπùó∂ùóªùó≤ ùó≥ùóºùóø ùó∂ùóªùó∂ùòÅùó∂ùóÆùóπ ùóÆùóΩùóΩùóπùó∂ùó∞ùóÆùòÅùó∂ùóºùóªùòÄ ùó∂ùòÄ ùü¥ùòÅùóµ ùó†ùóÆùóøùó∞ùóµ - apply today, or forward onto a supplier you work with

https://lnkd.in/eQ_KGjsc",1
"we mark a milestone in our green volt floating offshore wind project in scotland with the submission of a marine licence application. the project, which we are developing withflotation energy ltd, could start generating power in the mid-2020s, making it the most advanced oil and gas decarbonisation project in the uk.we are applying for a lease for green volt under the crown estate scotland‚Äôs innovation and targeted oil and gas (intog) round.the green volt project will use up to 35 floating wind turbines to deliver 500 mw of renewable energy - enough green power to electrify all major oil and gas platforms in the outer moray firth area. the project will also deliver electricity to the uk grid.our ceoolav hetlandcommented on the project milestone: ‚Äúif awarded the opportunity, we will bring green energy to the market swiftly while investing in building a local supply chain. to ensure we stand ready to deliver as quickly as possible if we succeed with our intog bid, we are applying for the marine licence for the project already now.‚Äùlearn more: https://lnkd.in/dxyksdnn offshorewind energy renewableenergy",1
